Date,DCOILBRENTEU
2017/3/7,54.60 
2017/3/8,53.30 
2017/3/9,50.70 
2017/3/10,50.60 
2017/3/13,50.10 
2017/3/14,49.60 
2017/3/15,50.60 
2017/3/16,50.60 
2017/3/17,50.60 
2017/3/20,50.70 
2017/3/21,50.10 
2017/3/22,49.60 
2017/3/23,50.20 
2017/3/24,50.00 
2017/3/27,50.10 
2017/3/28,50.70 
2017/3/29,51.40 
2017/3/30,52.30 
2017/3/31,52.20 
2017/4/3,52.00 
2017/4/4,53.10 
2017/4/5,53.40 
2017/4/6,53.60 
2017/4/7,54.20 
2017/4/10,54.80 
2017/4/11,54.70 
2017/4/12,54.80 
2017/4/13,55.10 
2017/4/14,.
2017/4/17,54.80 
2017/4/18,52.60 
2017/4/19,52.40 
2017/4/20,50.70 
2017/4/21,49.90 
2017/4/24,49.50 
2017/4/25,49.40 
2017/4/26,50.00 
2017/4/27,49.50 
2017/4/28,49.50 
2017/5/1,50.40 
2017/5/2,49.30 
2017/5/3,48.80 
2017/5/4,47.50 
2017/5/5,47.50 
2017/5/8,46.60 
2017/5/9,47.10 
2017/5/10,48.10 
2017/5/11,49.20 
2017/5/12,49.10 
2017/5/15,51.30 
2017/5/16,51.20 
2017/5/17,51.80 
2017/5/18,51.70 
2017/5/19,52.80 
2017/5/22,53.40 
2017/5/23,53.20 
2017/5/24,53.30 
2017/5/25,52.30 
2017/5/26,50.80 
2017/5/29,52.30 
2017/5/30,50.70 
2017/5/31,49.40 
2017/6/1,50.40 
2017/6/2,48.50 
2017/6/5,48.30 
2017/6/6,48.10 
2017/6/7,47.10 
2017/6/8,46.30 
2017/6/9,46.60 
2017/6/12,47.20 
2017/6/13,47.00 
2017/6/14,45.50 
2017/6/15,45.60 
2017/6/16,45.70 
2017/6/19,45.90 
2017/6/20,44.00 
2017/6/21,44.60 
2017/6/22,44.50 
2017/6/23,44.10 
2017/6/26,44.10 
2017/6/27,46.20 
2017/6/28,46.50 
2017/6/29,47.00 
2017/6/30,47.10 
2017/7/3,49.10 
2017/7/4,49.20 
2017/7/5,47.60 
2017/7/6,48.50 
2017/7/7,46.50 
2017/7/10,46.60 
2017/7/11,46.70 
2017/7/12,46.70 
2017/7/13,47.70 
2017/7/14,47.90 
2017/7/17,47.70 
2017/7/18,47.90 
2017/7/19,48.30 
2017/7/20,48.50 
2017/7/21,47.50 
2017/7/24,47.80 
2017/7/25,49.20 
2017/7/26,50.10 
2017/7/27,50.70 
2017/7/28,52.00 
2017/7/31,52.00 
2017/8/1,50.80 
2017/8/2,52.10 
2017/8/3,52.90 
2017/8/4,52.50 
2017/8/7,51.40 
2017/8/8,52.20 
2017/8/9,52.20 
2017/8/10,52.60 
2017/8/11,51.50 
2017/8/14,51.30 
2017/8/15,49.90 
2017/8/16,50.40 
2017/8/17,50.40 
2017/8/18,51.00 
2017/8/21,51.90 
2017/8/22,52.30 
2017/8/23,52.30 
2017/8/24,51.70 
2017/8/25,51.90 
2017/8/28,51.90 
2017/8/29,51.60 
2017/8/30,51.90 
2017/8/31,52.70 
2017/9/1,53.20 
2017/9/4,52.60 
2017/9/5,53.60 
2017/9/6,54.50 
2017/9/7,54.20 
2017/9/8,54.60 
2017/9/11,54.20 
2017/9/12,55.10 
2017/9/13,55.50 
2017/9/14,56.80 
2017/9/15,56.20 
2017/9/18,55.50 
2017/9/19,56.60 
2017/9/20,57.20 
2017/9/21,57.70 
2017/9/22,58.20 
2017/9/25,59.40 
2017/9/26,59.80 
2017/9/27,58.70 
2017/9/28,58.80 
2017/9/29,57.00 
2017/10/2,55.70 
2017/10/3,56.10 
2017/10/4,56.00 
2017/10/5,57.10 
2017/10/6,55.50 
2017/10/9,55.30 
2017/10/10,56.60 
2017/10/11,56.10 
2017/10/12,56.10 
2017/10/13,56.90 
2017/10/16,57.50 
2017/10/17,57.60 
2017/10/18,58.10 
2017/10/19,57.80 
2017/10/20,57.90 
2017/10/23,57.70 
2017/10/24,57.80 
2017/10/25,58.50 
2017/10/26,58.80 
2017/10/27,60.20 
2017/10/30,60.70 
2017/10/31,61.40 
2017/11/1,61.00 
2017/11/2,60.80 
2017/11/3,61.40 
2017/11/6,64.30 
2017/11/7,64.40 
2017/11/8,64.00 
2017/11/9,64.50 
2017/11/10,64.40 
2017/11/13,62.90 
2017/11/14,60.90 
2017/11/15,61.30 
2017/11/16,61.20 
2017/11/17,61.30 
2017/11/20,61.30 
2017/11/21,62.30 
2017/11/22,62.90 
2017/11/23,63.30 
2017/11/24,63.60 
2017/11/27,63.30 
2017/11/28,63.60 
2017/11/29,63.70 
2017/11/30,63.50 
2017/12/1,64.60 
2017/12/4,63.50 
2017/12/5,63.50 
2017/12/6,62.30 
2017/12/7,62.40 
2017/12/8,63.90 
2017/12/11,65.60 
2017/12/12,65.00 
2017/12/13,63.70 
2017/12/14,63.70 
2017/12/15,63.80 
2017/12/18,64.50 
2017/12/19,63.70 
2017/12/20,64.40 
2017/12/21,64.60 
2017/12/22,64.60 
2017/12/25,.
2017/12/26,.
2017/12/27,66.00 
2017/12/28,66.80 
2017/12/29,66.70 
2018/1/1,.
2018/1/2,66.70 
2018/1/3,67.90 
2018/1/4,68.70 
2018/1/5,68.00 
2018/1/8,68.50 
2018/1/9,69.10 
2018/1/10,69.80 
2018/1/11,70.40 
2018/1/12,69.60 
2018/1/15,70.30 
2018/1/16,69.40 
2018/1/17,69.20 
2018/1/18,69.50 
2018/1/19,68.60 
2018/1/22,69.30 
2018/1/23,69.80 
2018/1/24,69.90 
2018/1/25,71.10 
2018/1/26,70.10 
2018/1/29,68.40 
2018/1/30,67.80 
2018/1/31,67.80 
2018/2/1,68.60 
2018/2/2,67.50 
2018/2/5,67.70 
2018/2/6,66.80 
2018/2/7,65.70 
2018/2/8,64.30 
2018/2/9,63.00 
2018/2/12,62.20 
2018/2/13,61.90 
2018/2/14,62.30 
2018/2/15,62.90 
2018/2/16,64.30 
2018/2/19,65.00 
2018/2/20,64.70 
2018/2/21,64.80 
2018/2/22,66.10 
2018/2/23,67.00 
2018/2/26,68.00 
2018/2/27,67.60 
2018/2/28,66.10 
2018/3/1,64.20 
2018/3/2,64.30 
2018/3/5,65.80 
2018/3/6,65.70 
2018/3/7,65.10 
2018/3/8,63.90 
2018/3/9,65.20 
2018/3/12,64.50 
2018/3/13,64.20 
2018/3/14,63.60 
2018/3/15,63.70 
2018/3/16,64.70 
2018/3/19,64.80 
2018/3/20,66.00 
2018/3/21,68.20 
2018/3/22,69.00 
2018/3/23,69.00 
2018/3/26,68.80 
2018/3/27,68.60 
2018/3/28,68.10 
2018/3/29,69.00 
2018/3/30,.
2018/4/2,.
2018/4/3,69.00 
2018/4/4,66.00 
2018/4/5,66.50 
2018/4/6,66.50 
2018/4/9,68.20 
2018/4/10,70.70 
2018/4/11,72.70 
2018/4/12,71.40 
2018/4/13,73.20 
2018/4/16,72.10 
2018/4/17,71.70 
2018/4/18,73.70 
2018/4/19,74.90 
2018/4/20,74.60 
2018/4/23,74.50 
2018/4/24,75.90 
2018/4/25,73.80 
2018/4/26,75.40 
2018/4/27,75.30 
2018/4/30,75.90 
2018/5/1,74.90 
2018/5/2,73.10 
2018/5/3,73.50 
2018/5/4,74.80 
2018/5/7,.
2018/5/8,74.20 
2018/5/9,77.60 
2018/5/10,77.60 
2018/5/11,77.40 
2018/5/14,78.20 
2018/5/15,78.90 
2018/5/16,78.20 
2018/5/17,80.10 
2018/5/18,78.40 
2018/5/21,78.30 
2018/5/22,80.40 
2018/5/23,78.70 
2018/5/24,78.90 
2018/5/25,76.60 
2018/5/28,.
2018/5/29,74.50 
2018/5/30,75.90 
2018/5/31,76.50 
2018/6/1,74.50 
2018/6/4,73.40 
2018/6/5,72.90 
2018/6/6,73.20 
2018/6/7,75.20 
2018/6/8,75.10 
2018/6/11,74.60 
2018/6/12,74.90 
2018/6/13,75.10 
2018/6/14,74.80 
2018/6/15,72.00 
2018/6/18,74.90 
2018/6/19,74.90 
2018/6/20,74.30 
2018/6/21,72.90 
2018/6/22,73.70 
2018/6/25,72.80 
2018/6/26,73.60 
2018/6/27,76.10 
2018/6/28,76.30 
2018/6/29,77.40 
2018/7/2,76.70 
2018/7/3,75.90 
2018/7/4,77.00 
2018/7/5,77.10 
2018/7/6,75.00 
2018/7/9,77.10 
2018/7/10,77.80 
2018/7/11,75.40 
2018/7/12,72.10 
2018/7/13,74.10 
2018/7/16,71.00 
2018/7/17,70.90 
2018/7/18,70.50 
2018/7/19,71.90 
2018/7/20,72.00 
2018/7/23,73.50 
2018/7/24,73.50 
2018/7/25,73.70 
2018/7/26,74.50 
2018/7/27,74.80 
2018/7/30,75.00 
2018/7/31,74.20 
2018/8/1,72.30 
2018/8/2,73.00 
2018/8/3,72.50 
2018/8/6,72.50 
2018/8/7,72.30 
2018/8/8,70.70 
2018/8/9,70.60 
2018/8/10,71.00 
2018/8/13,70.60 
2018/8/14,70.80 
2018/8/15,68.40 
2018/8/16,69.20 
2018/8/17,70.10 
2018/8/20,71.10 
2018/8/21,71.70 
2018/8/22,73.00 
2018/8/23,73.70 
2018/8/24,74.40 
2018/8/27,74.40 
2018/8/28,75.90 
2018/8/29,76.10 
2018/8/30,77.10 
2018/8/31,76.90 
2018/9/3,77.80 
2018/9/4,77.50 
2018/9/5,76.70 
2018/9/6,75.70 
2018/9/7,75.60 
2018/9/10,76.80 
2018/9/11,78.20 
2018/9/12,80.00 
2018/9/13,77.70 
2018/9/14,77.90 
2018/9/17,78.20 
2018/9/18,79.30 
2018/9/19,79.40 
2018/9/20,79.00 
2018/9/21,78.90 
2018/9/24,80.90 
2018/9/25,82.20 
2018/9/26,81.90 
2018/9/27,81.50 
2018/9/28,82.70 
2018/10/1,84.90 
2018/10/2,85.60 
2018/10/3,85.50 
2018/10/4,86.10 
2018/10/5,85.10 
2018/10/8,84.20 
2018/10/9,85.20 
2018/10/10,83.80 
2018/10/11,81.40 
2018/10/12,80.70 
2018/10/15,80.90 
2018/10/16,80.50 
2018/10/17,79.90 
2018/10/18,80.30 
2018/10/19,80.40 
2018/10/22,80.50 
2018/10/23,78.70 
2018/10/24,77.30 
2018/10/25,77.30 
2018/10/26,77.40 
2018/10/29,77.60 
2018/10/30,75.70 
2018/10/31,74.80 
2018/11/1,71.30 
2018/11/2,71.10 
2018/11/5,72.70 
2018/11/6,70.60 
2018/11/7,70.10 
2018/11/8,69.30 
2018/11/9,69.00 
2018/11/12,69.80 
2018/11/13,65.50 
2018/11/14,64.90 
2018/11/15,65.60 
2018/11/16,65.30 
2018/11/19,64.10 
2018/11/20,61.50 
2018/11/21,61.70 
2018/11/22,61.10 
2018/11/23,57.70 
2018/11/26,59.70 
2018/11/27,59.60 
2018/11/28,58.00 
2018/11/29,58.30 
2018/11/30,57.70 
2018/12/3,60.20 
2018/12/4,61.20 
2018/12/5,61.40 
2018/12/6,57.80 
2018/12/7,61.70 
2018/12/10,60.30 
2018/12/11,59.70 
2018/12/12,59.90 
2018/12/13,59.00 
2018/12/14,58.60 
2018/12/17,57.60 
2018/12/18,55.30 
2018/12/19,55.60 
2018/12/20,52.80 
2018/12/21,51.90 
2018/12/24,.
2018/12/25,.
2018/12/26,.
2018/12/27,51.50 
2018/12/28,50.60 
2018/12/31,.
2019/1/1,.
2019/1/2,54.10 
2019/1/3,53.20 
2019/1/4,55.60 
2019/1/7,57.10 
2019/1/8,56.90 
2019/1/9,59.50 
2019/1/10,60.50 
2019/1/11,59.20 
2019/1/14,58.80 
2019/1/15,58.70 
2019/1/16,59.80 
2019/1/17,59.90 
2019/1/18,62.00 
2019/1/21,62.20 
2019/1/22,60.90 
2019/1/23,61.10 
2019/1/24,61.10 
2019/1/25,61.50 
2019/1/28,59.70 
2019/1/29,61.00 
2019/1/30,61.90 
2019/1/31,62.50 
2019/2/1,61.90 
2019/2/4,62.30 
2019/2/5,61.70 
2019/2/6,62.20 
2019/2/7,61.00 
2019/2/8,61.40 
2019/2/11,61.30 
2019/2/12,62.60 
2019/2/13,63.30 
2019/2/14,64.00 
2019/2/15,65.70 
2019/2/18,66.40 
2019/2/19,65.90 
2019/2/20,66.80 
2019/2/21,66.90 
2019/2/22,66.90 
2019/2/25,64.00 
2019/2/26,64.50 
2019/2/27,65.60 
2019/2/28,65.00 
2019/3/1,63.70 
2019/3/4,64.40 
2019/3/5,64.20 
2019/3/6,64.50 
2019/3/7,64.80 
2019/3/8,65.70 
2019/3/11,65.10 
2019/3/12,65.30 
2019/3/13,65.90 
2019/3/14,66.20 
2019/3/15,66.10 
2019/3/18,66.70 
2019/3/19,67.10 
2019/3/20,68.40 
2019/3/21,68.30 
2019/3/22,66.30 
2019/3/25,67.40 
2019/3/26,67.50 
2019/3/27,67.40 
2019/3/28,66.10 
2019/3/29,67.90 
2019/4/1,69.10 
2019/4/2,69.70 
2019/4/3,69.20 
2019/4/4,69.80 
2019/4/5,69.90 
2019/4/8,71.10 
2019/4/9,71.00 
2019/4/10,71.60 
2019/4/11,71.30 
2019/4/12,71.60 
2019/4/15,70.90 
2019/4/16,70.70 
2019/4/17,71.10 
2019/4/18,70.70 
2019/4/19,.
2019/4/22,70.70 
2019/4/23,74.40 
2019/4/24,73.60 
2019/4/25,74.90 
2019/4/26,71.00 
2019/4/29,71.20 
2019/4/30,72.20 
2019/5/1,72.00 
2019/5/2,70.60 
2019/5/3,72.00 
2019/5/6,72.00 
2019/5/7,71.00 
2019/5/8,71.10 
2019/5/9,70.60 
2019/5/10,71.60 
2019/5/13,72.40 
2019/5/14,72.50 
2019/5/15,73.10 
2019/5/16,74.70 
2019/5/17,73.90 
2019/5/20,73.20 
2019/5/21,72.90 
2019/5/22,71.90 
2019/5/23,68.40 
2019/5/24,68.00 
2019/5/27,.
2019/5/28,70.20 
2019/5/29,70.60 
2019/5/30,69.60 
2019/5/31,66.80 
2019/6/3,63.20 
2019/6/4,63.60 
2019/6/5,62.10 
2019/6/6,62.80 
2019/6/7,64.10 
2019/6/10,64.30 
2019/6/11,63.60 
2019/6/12,61.70 
2019/6/13,63.30 
2019/6/14,63.10 
2019/6/17,62.60 
2019/6/18,63.40 
2019/6/19,62.90 
2019/6/20,65.40 
2019/6/21,66.00 
2019/6/24,65.20 
2019/6/25,66.20 
2019/6/26,66.90 
2019/6/27,66.80 
2019/6/28,67.50 
2019/7/1,65.10 
2019/7/2,62.70 
2019/7/3,63.50 
2019/7/4,63.60 
2019/7/5,64.20 
2019/7/8,64.90 
2019/7/9,64.30 
2019/7/10,66.40 
2019/7/11,67.60 
2019/7/12,66.70 
2019/7/15,66.90 
2019/7/16,65.90 
2019/7/17,63.70 
2019/7/18,60.70 
2019/7/19,61.00 
2019/7/22,62.00 
2019/7/23,62.30 
2019/7/24,63.80 
2019/7/25,63.50 
2019/7/26,62.50 
2019/7/29,62.30 
2019/7/30,62.60 
2019/7/31,64.10 
2019/8/1,62.90 
2019/8/2,61.10 
2019/8/5,59.30 
2019/8/6,58.60 
2019/8/7,55.00 
2019/8/8,56.30 
2019/8/9,57.40 
2019/8/12,57.10 
2019/8/13,59.90 
2019/8/14,57.90 
2019/8/15,57.40 
2019/8/16,59.00 
2019/8/19,59.80 
2019/8/20,59.00 
2019/8/21,60.60 
2019/8/22,59.80 
2019/8/23,58.60 
2019/8/26,58.60 
2019/8/27,58.40 
2019/8/28,60.40 
2019/8/29,60.60 
2019/8/30,61.00 
2019/9/2,58.60 
2019/9/3,57.90 
2019/9/4,60.70 
2019/9/5,62.70 
2019/9/6,61.30 
2019/9/9,64.00 
2019/9/10,64.70 
2019/9/11,63.00 
2019/9/12,60.80 
2019/9/13,61.30 
2019/9/16,68.40 
2019/9/17,65.60 
2019/9/18,64.30 
2019/9/19,64.30 
2019/9/20,65.20 
2019/9/23,64.70 
2019/9/24,64.10 
2019/9/25,62.40 
2019/9/26,62.10 
2019/9/27,62.50 
2019/9/30,61.00 
2019/10/1,60.10 
2019/10/2,57.90 
2019/10/3,58.00 
2019/10/4,59.10 
2019/10/7,59.50 
2019/10/8,58.10 
2019/10/9,59.70 
2019/10/10,59.10 
2019/10/11,60.60 
2019/10/14,58.80 
2019/10/15,59.20 
2019/10/16,59.30 
2019/10/17,59.40 
2019/10/18,60.00 
2019/10/21,59.00 
2019/10/22,60.50 
2019/10/23,60.50 
2019/10/24,61.70 
2019/10/25,62.10 
2019/10/28,60.40 
2019/10/29,61.10 
2019/10/30,60.20 
2019/10/31,59.30 
2019/11/1,60.20 
2019/11/4,62.50 
2019/11/5,62.70 
2019/11/6,62.10 
2019/11/7,62.60 
2019/11/8,62.00 
2019/11/11,62.60 
2019/11/12,62.20 
2019/11/13,62.30 
2019/11/14,62.50 
2019/11/15,63.30 
2019/11/18,62.80 
2019/11/19,62.40 
2019/11/20,63.80 
2019/11/21,65.00 
2019/11/22,64.80 
2019/11/25,64.70 
2019/11/26,64.80 
2019/11/27,65.00 
2019/11/28,64.70 
2019/11/29,64.50 
2019/12/2,63.20 
2019/12/3,63.00 
2019/12/4,65.30 
2019/12/5,65.70 
2019/12/6,66.50 
2019/12/9,66.40 
2019/12/10,66.60 
2019/12/11,65.40 
2019/12/12,66.70 
2019/12/13,67.40 
2019/12/16,68.00 
2019/12/17,69.00 
2019/12/18,69.10 
2019/12/19,69.70 
2019/12/20,68.70 
2019/12/23,67.50 
2019/12/24,69.30 
2019/12/25,.
2019/12/26,69.30 
2019/12/27,68.90 
2019/12/30,68.30 
2019/12/31,67.80 
2020/1/1,.
2020/1/2,67.10 
2020/1/3,69.10 
2020/1/6,70.30 
2020/1/7,68.70 
2020/1/8,67.30 
2020/1/9,66.60 
2020/1/10,66.80 
2020/1/13,64.10 
2020/1/14,64.50 
2020/1/15,63.30 
2020/1/16,64.60 
2020/1/17,64.10 
2020/1/20,64.60 
2020/1/21,63.70 
2020/1/22,62.10 
2020/1/23,61.30 
2020/1/24,59.30 
2020/1/27,58.50 
2020/1/28,59.40 
2020/1/29,59.50 
2020/1/30,57.70 
2020/1/31,57.80 
2020/2/3,54.00 
2020/2/4,53.90 
2020/2/5,55.40 
2020/2/6,55.20 
2020/2/7,54.50 
2020/2/10,53.40 
2020/2/11,54.00 
2020/2/12,55.50 
2020/2/13,56.30 
2020/2/14,57.40 
2020/2/17,57.80 
2020/2/18,57.40 
2020/2/19,59.70 
2020/2/20,59.60 
2020/2/21,58.60 
2020/2/24,56.70 
2020/2/25,55.30 
2020/2/26,55.00 
2020/2/27,52.20 
2020/2/28,51.30 
2020/3/2,52.50 
2020/3/3,52.20 
2020/3/4,51.90 
2020/3/5,51.30 
2020/3/6,45.60 
2020/3/9,35.30 
2020/3/10,35.60 
2020/3/11,34.50 
2020/3/12,31.00 
2020/3/13,32.30 
2020/3/16,28.00 
2020/3/17,28.00 
2020/3/18,22.80 
2020/3/19,24.00 
2020/3/20,25.60 
2020/3/23,23.80 
2020/3/24,24.50 
2020/3/25,25.60 
2020/3/26,23.60 
2020/3/27,22.40 
2020/3/30,19.20 
2020/3/31,14.90 
2020/4/1,15.00 
2020/4/2,20.20 
2020/4/3,24.30 
2020/4/6,22.60 
2020/4/7,22.10 
2020/4/8,25.20 
2020/4/9,20.20 
2020/4/10,.
2020/4/13,.
2020/4/14,21.70 
2020/4/15,19.80 
2020/4/16,18.70 
2020/4/17,19.80 
2020/4/20,17.40 
2020/4/21,9.10 
2020/4/22,13.80 
2020/4/23,15.10 
2020/4/24,15.90 
2020/4/27,15.20 
2020/4/28,15.60 
2020/4/29,17.90 
2020/4/30,18.10 
2020/5/1,18.50 
2020/5/4,20.40 
2020/5/5,25.50 
2020/5/6,24.20 
2020/5/7,24.20 
2020/5/8,.
2020/5/11,25.50 
2020/5/12,26.70 
2020/5/13,27.90 
2020/5/14,29.90 
2020/5/15,31.00 
2020/5/18,33.30 
2020/5/19,33.10 
2020/5/20,34.80 
2020/5/21,34.80 
2020/5/22,33.80 
2020/5/25,.
2020/5/26,34.00 
2020/5/27,32.70 
2020/5/28,34.00 
2020/5/29,34.20 
2020/6/1,36.70 
2020/6/2,37.70 
2020/6/3,38.00 
2020/6/4,38.40 
2020/6/5,41.00 
2020/6/8,39.70 
2020/6/9,40.50 
2020/6/10,41.20 
2020/6/11,37.80 
2020/6/12,38.50 
2020/6/15,39.40 
2020/6/16,40.80 
2020/6/17,40.50 
2020/6/18,41.80 
2020/6/19,42.30 
2020/6/22,43.20 
2020/6/23,42.70 
2020/6/24,40.40 
2020/6/25,41.20 
2020/6/26,41.00 
2020/6/29,41.60 
2020/6/30,41.60 
2020/7/1,42.20 
2020/7/2,43.20 
2020/7/3,42.90 
2020/7/6,42.70 
2020/7/7,43.30 
2020/7/8,43.70 
2020/7/9,42.40 
2020/7/10,43.30 
2020/7/13,42.90 
2020/7/14,43.00 
2020/7/15,44.00 
2020/7/16,43.70 
2020/7/17,43.50 
2020/7/20,43.30 
2020/7/21,44.30 
2020/7/22,44.00 
2020/7/23,43.00 
2020/7/24,43.30 
2020/7/27,43.40 
2020/7/28,43.10 
2020/7/29,43.50 
2020/7/30,43.00 
2020/7/31,43.10 
2020/8/3,43.80 
2020/8/4,44.00 
2020/8/5,44.90 
2020/8/6,45.00 
2020/8/7,44.10 
2020/8/10,44.20 
2020/8/11,43.70 
2020/8/12,45.10 
2020/8/13,44.90 
2020/8/14,44.90 
2020/8/17,44.90 
2020/8/18,45.30 
2020/8/19,45.20 
2020/8/20,44.60 
2020/8/21,43.90 
2020/8/24,44.40 
2020/8/25,46.00 
2020/8/26,45.80 
2020/8/27,44.80 
2020/8/28,45.20 
2020/8/31,.
2020/9/1,45.70 
2020/9/2,42.70 
2020/9/3,42.70 
2020/9/4,41.10 
2020/9/7,40.70 
2020/9/8,38.50 
2020/9/9,40.00 
2020/9/10,39.30 
2020/9/11,38.80 
2020/9/14,38.60 
2020/9/15,39.50 
2020/9/16,41.20 
2020/9/17,42.40 
2020/9/18,42.20 
2020/9/21,40.40 
2020/9/22,40.80 
2020/9/23,41.10 
2020/9/24,41.20 
2020/9/25,40.90 
2020/9/28,41.60 
2020/9/29,40.30 
2020/9/30,40.30 
2020/10/1,39.80 
2020/10/2,38.00 
2020/10/5,39.80 
2020/10/6,41.30 
2020/10/7,40.60 
2020/10/8,42.00 
2020/10/9,41.60 
2020/10/12,40.50 
2020/10/13,41.30 
2020/10/14,41.80 
2020/10/15,41.60 
2020/10/16,41.30 
2020/10/19,41.30 
2020/10/20,41.60 
2020/10/21,40.10 
2020/10/22,41.30 
2020/10/23,40.70 
2020/10/26,39.10 
2020/10/27,39.70 
2020/10/28,37.90 
2020/10/29,36.60 
2020/10/30,36.30 
2020/11/2,37.80 
2020/11/3,38.20 
2020/11/4,39.70 
2020/11/5,39.50 
2020/11/6,38.10 
2020/11/9,40.90 
2020/11/10,42.30 
2020/11/11,42.50 
2020/11/12,42.20 
2020/11/13,41.50 
2020/11/16,42.70 
2020/11/17,42.50 
2020/11/18,42.90 
2020/11/19,43.10 
2020/11/20,43.80 
2020/11/23,45.00 
2020/11/24,46.60 
2020/11/25,47.30 
2020/11/26,46.30 
2020/11/27,46.90 
2020/11/30,46.80 
2020/12/1,47.00 
2020/12/2,47.80 
2020/12/3,48.40 
2020/12/4,49.10 
2020/12/7,48.60 
2020/12/8,48.80 
2020/12/9,48.80 
2020/12/10,50.30 
2020/12/11,50.00 
2020/12/14,50.30 
2020/12/15,50.80 
2020/12/16,50.80 
2020/12/17,51.20 
2020/12/18,52.20 
2020/12/21,50.60 
2020/12/22,49.90 
2020/12/23,51.10 
2020/12/24,50.90 
2020/12/25,.
2020/12/28,50.90 
2020/12/29,50.40 
2020/12/30,50.70 
2020/12/31,51.20 
2021/1/1,.
2021/1/4,50.40 
2021/1/5,53.20 
2021/1/6,53.80 
2021/1/7,53.70 
2021/1/8,55.50 
2021/1/11,54.80 
2021/1/12,56.00 
2021/1/13,55.50 
2021/1/14,55.80 
2021/1/15,54.80 
2021/1/18,54.20 
2021/1/19,55.40 
2021/1/20,55.70 
2021/1/21,55.70 
2021/1/22,55.20 
2021/1/25,55.40 
2021/1/26,55.30 
2021/1/27,55.10 
2021/1/28,54.90 
2021/1/29,55.30 
2021/2/1,56.40 
2021/2/2,57.60 
2021/2/3,58.60 
2021/2/4,59.00 
2021/2/5,59.50 
2021/2/8,60.20 
2021/2/9,60.70 
2021/2/10,61.20 
2021/2/11,61.10 
2021/2/12,62.50 
2021/2/15,63.60 
2021/2/16,64.00 
2021/2/17,65.00 
2021/2/18,64.10 
2021/2/19,62.80 
2021/2/22,64.70 
2021/2/23,65.20 
2021/2/24,66.90 
2021/2/25,66.70 
2021/2/26,65.90 
2021/3/1,64.60 
2021/3/2,63.20 
2021/3/3,64.70 
2021/3/4,67.30 
2021/3/5,70.00 
2021/3/8,68.00 
2021/3/9,67.00 
2021/3/10,67.50 
2021/3/11,69.30 
2021/3/12,68.90 
2021/3/15,68.80 
2021/3/16,68.00 
2021/3/17,67.70 
2021/3/18,62.10 
2021/3/19,64.00 
2021/3/22,63.90 
2021/3/23,60.00 
2021/3/24,63.70 
2021/3/25,61.20 
2021/3/26,63.80 
2021/3/29,64.10 
2021/3/30,63.30 
2021/3/31,63.50 
2021/4/1,63.90 
2021/4/2,.
2021/4/5,.
2021/4/6,61.50 
2021/4/7,61.90 
2021/4/8,62.10 
2021/4/9,61.90 
2021/4/12,62.40 
2021/4/13,62.80 
2021/4/14,66.10 
2021/4/15,66.10 
2021/4/16,66.00 
2021/4/19,66.50 
2021/4/20,65.30 
2021/4/21,64.00 
2021/4/22,65.10 
2021/4/23,65.80 
2021/4/26,65.50 
2021/4/27,66.30 
2021/4/28,67.10 
2021/4/29,68.30 
2021/4/30,67.70 
2021/5/3,.
2021/5/4,68.90 
2021/5/5,69.70 
2021/5/6,68.60 
2021/5/7,68.70 
2021/5/10,68.60 
2021/5/11,68.80 
2021/5/12,69.60 
2021/5/13,67.40 
2021/5/14,69.20 
2021/5/17,69.60 
2021/5/18,69.00 
2021/5/19,66.90 
2021/5/20,65.20 
2021/5/21,66.70 
2021/5/24,68.60 
2021/5/25,68.80 
2021/5/26,68.90 
2021/5/27,69.40 
2021/5/28,69.40 
2021/5/31,.
2021/6/1,70.00 
2021/6/2,70.60 
2021/6/3,70.70 
2021/6/4,71.30 
2021/6/7,70.90 
2021/6/8,71.40 
2021/6/9,71.30 
2021/6/10,71.70 
2021/6/11,72.10 
2021/6/14,72.30 
2021/6/15,73.40 
2021/6/16,73.90 
2021/6/17,72.90 
2021/6/18,73.10 
2021/6/21,74.50 
2021/6/22,74.90 
2021/6/23,75.20 
2021/6/24,76.00 
2021/6/25,76.50 
2021/6/28,74.80 
2021/6/29,75.40 
2021/6/30,76.90 
2021/7/1,76.70 
2021/7/2,77.50 
2021/7/5,78.30 
2021/7/6,75.80 
2021/7/7,74.30 
2021/7/8,75.10 
2021/7/9,77.10 
2021/7/12,76.80 
2021/7/13,77.50 
2021/7/14,75.70 
2021/7/15,74.50 
2021/7/16,74.50 
2021/7/19,69.30 
2021/7/20,70.00 
2021/7/21,72.50 
2021/7/22,74.30 
2021/7/23,74.90 
2021/7/26,74.80 
2021/7/27,74.90 
2021/7/28,75.10 
2021/7/29,76.30 
2021/7/30,77.70 
2021/8/2,73.90 
2021/8/3,73.20 
2021/8/4,71.00 
2021/8/5,72.10 
2021/8/6,71.00 
2021/8/9,69.70 
2021/8/10,71.10 
2021/8/11,72.00 
2021/8/12,71.80 
2021/8/13,70.90 
2021/8/16,70.10 
2021/8/17,69.40 
2021/8/18,68.60 
2021/8/19,66.80 
2021/8/20,65.50 
2021/8/23,69.10 
2021/8/24,71.20 
2021/8/25,72.10 
2021/8/26,70.40 
2021/8/27,72.30 
2021/8/30,.
2021/8/31,73.50 
2021/9/1,72.00 
2021/9/2,73.60 
2021/9/3,73.10 
2021/9/6,72.40 
2021/9/7,71.50 
2021/9/8,72.40 
2021/9/9,71.30 
2021/9/10,72.40 
2021/9/13,73.00 
2021/9/14,73.10 
2021/9/15,74.80 
2021/9/16,75.10 
2021/9/17,74.60 
2021/9/20,73.60 
2021/9/21,73.70 
2021/9/22,75.50 
2021/9/23,76.40 
2021/9/24,77.40 
2021/9/27,78.90 
2021/9/28,78.30 
2021/9/29,77.90 
2021/9/30,77.80 
2021/10/1,79.40 
2021/10/4,81.40 
2021/10/5,82.70 
2021/10/6,81.40 
2021/10/7,82.30 
2021/10/8,82.20 
2021/10/11,83.80 
2021/10/12,83.50 
2021/10/13,83.50 
2021/10/14,83.90 
2021/10/15,84.70 
2021/10/18,84.10 
2021/10/19,85.00 
2021/10/20,85.80 
2021/10/21,84.60 
2021/10/22,85.40 
2021/10/25,84.90 
2021/10/26,85.10 
2021/10/27,84.10 
2021/10/28,83.40 
2021/10/29,83.10 
2021/11/1,84.50 
2021/11/2,84.40 
2021/11/3,81.10 
2021/11/4,80.20 
2021/11/5,82.40 
2021/11/8,83.20 
2021/11/9,84.50 
2021/11/10,82.90 
2021/11/11,83.40 
2021/11/12,82.90 
2021/11/15,81.90 
2021/11/16,82.90 
2021/11/17,80.70 
2021/11/18,82.50 
2021/11/19,80.20 
2021/11/22,81.00 
2021/11/23,83.40 
2021/11/24,82.40 
2021/11/25,82.10 
2021/11/26,72.40 
2021/11/29,73.30 
2021/11/30,70.90 
2021/12/1,69.50 
2021/12/2,70.60 
2021/12/3,70.70 
2021/12/6,73.40 
2021/12/7,75.50 
2021/12/8,75.90 
2021/12/9,74.10 
2021/12/10,75.00 
2021/12/13,74.10 
2021/12/14,73.40 
2021/12/15,73.70 
2021/12/16,74.60 
2021/12/17,73.00 
2021/12/20,70.50 
2021/12/21,72.90 
2021/12/22,74.70 
2021/12/23,76.30 
2021/12/24,75.20 
2021/12/27,.
2021/12/28,.
2021/12/29,78.60 
2021/12/30,78.60 
2021/12/31,77.20 
2022/1/3,78.30 
2022/1/4,79.40 
2022/1/5,80.60 
2022/1/6,82.00 
2022/1/7,82.30 
2022/1/10,81.60 
2022/1/11,85.00 
2022/1/12,85.80 
2022/1/13,85.80 
2022/1/14,87.20 
2022/1/17,87.80 
2022/1/18,88.80 
2022/1/19,89.60 
2022/1/20,89.80 
2022/1/21,89.80 
2022/1/24,87.70 
2022/1/25,89.50 
2022/1/26,91.20 
2022/1/27,90.70 
2022/1/28,91.50 
2022/1/31,92.40 
2022/2/1,90.20 
2022/2/2,91.40 
2022/2/3,93.00 
2022/2/4,96.90 
2022/2/7,97.30 
2022/2/8,96.10 
2022/2/9,95.00 
2022/2/10,96.40 
2022/2/11,97.50 
2022/2/14,101.70 
2022/2/15,98.40 
2022/2/16,97.40 
2022/2/17,95.30 
2022/2/18,96.20 
2022/2/21,99.00 
2022/2/22,98.70 
2022/2/23,99.30 
2022/2/24,101.30 
2022/2/25,98.60 
2022/2/28,103.10 
2022/3/1,110.90 
2022/3/2,118.90 
2022/3/3,115.40 
2022/3/4,123.90 
2022/3/7,129.00 
